id;name;department;team_id
I802896;Ward Hungerford;Research and Development;Team 207
I811950;Wilfred Logsdail;Marketing;Team 218
I809360;Iain Urwen;Support;Team 207
I808694;Inglebert Ouslem;Sales;Team 205
I803680;Regan Gilhooley;Services;Team 207
I829824;Shoshanna Turrell;Accounting;Team 207
I806333;Cletis D'Emanuele;Product Management;Team 207
I823996;Berke Loddon;Business Development;Team 218
I828620;Neile Demkowicz;Human Resources;Team 218
I803202;Berget Standon;Engineering;Team 201
I825874;Gabriello Smithyman;Training;Team 207
I826256;Brooke O'Brogane;Sales;Team 205
I845697;Penny Cohr;Legal;Team 218
I838583;Darsie Hurlestone;Training;Team 201
I808461;Rodolph Sharper;Engineering;Team 214
I809003;Baxter Castellone;Support;Team 214
I822665;Lorilyn Bowmer;Research and Development;Team 207
I814274;Perry Cuckson;Sales;Team 218
I835764;Conrad Maulin;Accounting;Team 201
I826849;Kayne Dornin;Accounting;Team 201
I833627;Addi Ingledow;Business Development;Team 205
I836561;Tobe Kopje;Research and Development;Team 218
I833199;Artemus Hargey;Business Development;Team 207
I847521;Cati Castles;Marketing;Team 205
I849385;Marcella Coase;Support;Team 214
I844748;Amara Brendel;Services;Team 207
I843885;Lilith Tucsell;Engineering;Team 201
I827730;Tuesday Carhart;Sales;Team 207
I826066;Janna Gregorace;Sales;Team 205
I815310;Eadith Pantling;Support;Team 218
